pickup,delivery,distance,equipment,weight,date,predicted_rate
Lexington,Fort Wayne,360.0,Dry Van,32000.0,2025-12-01,814.3335386989831
Lexington,Fort Wayne,360.0,Dry Van,32000.0,2025-12-02,826.202190426056
Lexington,Fort Wayne,360.0,Dry Van,32000.0,2025-12-03,840.5735583712619
Lexington,Fort Wayne,360.0,Dry Van,32000.0,2025-12-04,840.9120861136973
Lexington,Fort Wayne,360.0,Dry Van,32000.0,2025-12-05,825.2519820049829
Lexington,Fort Wayne,360.0,Dry Van,32000.0,2025-12-06,819.7546400026713
Lexington,Fort Wayne,360.0,Dry Van,32000.0,2025-12-07,837.2506840518399
Lexington,Fort Wayne,360.0,Dry Van,32000.0,2025-12-08,814.6934103051562
Lexington,Fort Wayne,360.0,Dry Van,32000.0,2025-12-09,826.8705218562443
Lexington,Fort Wayne,360.0,Dry Van,32000.0,2025-12-10,837.0122583065611
Lexington,Fort Wayne,360.0,Dry Van,32000.0,2025-12-11,836.4599583729828
Lexington,Fort Wayne,360.0,Dry Van,32000.0,2025-12-12,826.6872760227336
Lexington,Fort Wayne,360.0,Dry Van,32000.0,2025-12-13,822.8221512652026
Lexington,Fort Wayne,360.0,Dry Van,32000.0,2025-12-14,839.3276286336277
Lexington,Fort Wayne,360.0,Dry Van,32000.0,2025-12-15,822.7798337546478
Lexington,Fort Wayne,360.0,Dry Van,32000.0,2025-12-16,827.0096931931573
Lexington,Fort Wayne,360.0,Dry Van,32000.0,2025-12-17,835.4709886050612
Lexington,Fort Wayne,360.0,Dry Van,32000.0,2025-12-18,835.3106254596489
Lexington,Fort Wayne,360.0,Dry Van,32000.0,2025-12-19,819.7757864001969
Lexington,Fort Wayne,360.0,Dry Van,32000.0,2025-12-20,815.5828581549647
Lexington,Fort Wayne,360.0,Dry Van,32000.0,2025-12-21,830.3524984562675
Lexington,Fort Wayne,360.0,Dry Van,32000.0,2025-12-22,817.7960839750556
Lexington,Fort Wayne,360.0,Dry Van,32000.0,2025-12-23,828.751348943179
Lexington,Fort Wayne,360.0,Dry Van,32000.0,2025-12-24,835.0205201933691
Lexington,Fort Wayne,360.0,Dry Van,32000.0,2025-12-25,832.053157335828
Lexington,Fort Wayne,360.0,Dry Van,32000.0,2025-12-26,822.9405148717669
Lexington,Fort Wayne,360.0,Dry Van,32000.0,2025-12-27,810.9479162701277
Lexington,Fort Wayne,360.0,Dry Van,32000.0,2025-12-28,829.0194972863856
Lexington,Fort Wayne,360.0,Dry Van,32000.0,2025-12-29,830.8963864163736
Lexington,Fort Wayne,360.0,Dry Van,32000.0,2025-12-30,841.2362004759132
Lexington,Fort Wayne,360.0,Dry Van,32000.0,2025-12-31,840.011028967529
